{"cameraMode":{"drawMode":0,"name":"Shaded","section":"Shading Mode"},"sceneLighting":true,"audioPlay":false,"sceneViewState":{"m_AlwaysRefresh":false,"showFog":true,"showSkybox":true,"showFlares":true,"showImageEffects":true,"showParticleSystems":true,"showVisualEffectGraphs":true,"m_FxEnabled":true},"in2DMode":false,"pivot":{"x":-5.091838836669922,"y":3.4324989318847658,"z":4.578255653381348},"rotation":{"x":0.07390327751636505,"y":0.924924910068512,"z":-0.23595012724399568,"w":0.2892487049102783},"size":0.011426744982600212,"orthographic":false}